"","db.Estado","db.SalePrice","db.GrLivArea","db.GarageCars","db.YearBuilt","db.GarageArea","db.X1stFlrSF"
"1","Cara",208500,1710,2,2003,548,856
"2","Cara",181500,1262,2,1976,460,1262
"3","Cara",223500,1786,2,2001,608,920
"4","Intermedia",140000,1717,3,1915,642,961
"5","Cara",250000,2198,3,2000,836,1145
"6","Intermedia",143000,1362,2,1993,480,796
"7","Cara",307000,1694,2,2004,636,1694
"8","Cara",2e+05,2090,2,1973,484,1107
"9","Economica",129900,1774,2,1931,468,1022
"10","Economica",118000,1077,1,1939,205,1077
"11","Economica",129500,1040,1,1965,384,1040
"12","Cara",345000,2324,3,2005,736,1182
"13","Intermedia",144000,912,1,1962,352,912
"14","Cara",279500,1494,3,2006,840,1494
"15","Intermedia",157000,1253,1,1960,352,1253
"16","Intermedia",132000,854,2,1929,576,854
"17","Intermedia",149000,1004,2,1970,480,1004
"18","Economica",90000,1296,2,1967,516,1296
"19","Intermedia",159000,1114,2,2004,576,1114
"20","Intermedia",139000,1339,1,1958,294,1339
"21","Cara",325300,2376,3,2005,853,1158
"22","Intermedia",139400,1108,1,1930,280,1108
"23","Cara",230000,1795,2,2002,534,1795
"24","Economica",129900,1060,2,1976,572,1060
"25","Intermedia",154000,1060,1,1968,270,1060
"26","Cara",256300,1600,3,2007,890,1600
"27","Intermedia",134800,900,2,1951,576,900
"28","Cara",306000,1704,3,2007,772,1704
"29","Cara",207500,1600,1,1957,319,1600
"30","Economica",68500,520,1,1927,240,520
"31","Economica",40000,1317,1,1920,250,649
"32","Intermedia",149350,1228,1,1966,271,1228
"33","Cara",179900,1234,2,2007,484,1234
"34","Cara",165500,1700,2,1959,447,1700
"35","Cara",277500,1561,2,2005,556,1561
"36","Cara",309000,2452,3,2004,691,1132
"37","Intermedia",145000,1097,2,1994,672,1097
"38","Intermedia",153000,1297,2,1954,498,1297
"39","Economica",109000,1057,1,1953,246,1057
"40","Economica",82000,1152,0,1955,0,1152
"41","Intermedia",160000,1324,2,1965,440,1324
"42","Cara",170000,1328,1,1959,308,1328
"43","Intermedia",144000,884,2,1983,504,884
"44","Intermedia",130250,938,1,1975,308,938
"45","Intermedia",141000,1150,1,1959,300,1150
"46","Cara",319900,1752,2,2005,576,1752
"47","Cara",239686,2149,2,2003,670,1518
"48","Cara",249700,1656,3,2006,826,1656
"49","Economica",113000,1452,0,1920,0,736
"50","Economica",127000,955,1,1966,386,955
"51","Cara",177000,1470,2,1997,388,794
"52","Economica",114500,1176,2,1934,528,816
"53","Economica",110000,816,2,1963,516,816
"54","Cara",385000,1842,3,1981,894,1842
"55","Intermedia",130000,1360,2,1955,572,1360
"56","Cara",180500,1425,2,1964,576,1425
"57","Cara",172500,1739,2,1999,480,983
"58","Cara",196500,1720,2,2004,565,860
"59","Cara",438780,2945,3,2006,641,1426
"60","Economica",124900,780,1,1972,352,780
"61","Intermedia",158000,1158,2,2004,576,1158
"62","Economica",101000,1111,1,1920,288,581
"63","Cara",202500,1370,2,2006,484,1370
"64","Intermedia",140000,1710,2,1921,480,902
"65","Cara",219500,2034,2,1997,645,1057
"66","Cara",317000,2473,3,2004,852,1143
"67","Cara",180000,2207,2,1970,576,2207
"68","Cara",226000,1479,2,2003,558,1479
"69","Economica",80000,747,1,1945,220,747
"70","Cara",225000,2287,2,1953,667,1304
"71","Cara",244000,2223,2,1973,516,2223
"72","Economica",129500,845,2,1982,360,845
"73","Cara",185000,1718,2,1998,427,885
"74","Intermedia",144900,1086,2,1954,490,1086
"75","Economica",107400,1605,1,1915,379,840
"76","Economica",91000,988,1,1973,297,526
"77","Intermedia",135750,952,1,1956,283,952
"78","Economica",127000,1285,1,1948,240,1072
"79","Intermedia",136500,1768,0,1968,0,1768
"80","Economica",110000,1230,2,1910,440,682
"81","Cara",193500,2142,1,1968,509,1182
"82","Intermedia",153500,1337,2,1998,405,1337
"83","Cara",245000,1563,3,2007,758,1563
"84","Economica",126500,1065,2,1960,461,1065
"85","Cara",168500,1474,2,1995,400,804
"86","Cara",260000,2417,2,1991,462,1301
"87","Cara",174000,1560,2,2005,400,684
"88","Cara",164500,1224,2,2009,528,612
"89","Economica",85000,1526,0,1915,0,1013
"90","Economica",123600,990,0,1994,0,990
"91","Economica",109900,1040,2,1950,420,1040
"92","Economica",98600,1235,2,1961,480,1235
"93","Cara",163500,964,2,1921,432,964
"94","Intermedia",133900,2291,2,1910,506,1260
"95","Cara",204750,1786,2,1997,684,905
"96","Cara",185000,1470,2,1993,420,680
"97","Cara",214000,1588,2,1999,472,1588
"98","Economica",94750,960,1,1965,432,960
"99","Economica",83000,835,1,1920,366,835
"100","Economica",128950,1225,0,1959,0,1225
"101","Cara",205000,1610,2,1977,480,1610
"102","Cara",178000,1732,2,1985,476,977
"103","Economica",118964,1535,2,1979,410,1535
"104","Cara",198900,1226,3,2009,740,1226
"105","Cara",169500,1818,1,1931,240,1226
"106","Cara",250000,1992,2,2003,648,1053
"107","Economica",1e+05,1047,1,1885,273,1047
"108","Economica",115000,789,1,1948,250,789
"109","Economica",115000,1517,0,1919,0,997
"110","Cara",190000,1844,2,1977,546,1844
"111","Intermedia",136900,1855,1,1954,325,1216
"112","Cara",180000,1430,2,2000,400,774
"113","Cara",383970,2696,3,2007,792,1282
"114","Cara",217000,2259,2,1953,450,2259
"115","Cara",259500,2320,1,1945,180,1436
"116","Cara",176000,1458,2,1999,440,729
"117","Intermedia",139000,1092,1,1962,288,1092
"118","Intermedia",155000,1125,2,2006,430,1125
"119","Cara",320000,3222,3,1990,594,1699
"120","Cara",163990,1456,2,2005,390,728
"121","Cara",180000,988,2,1969,540,988
"122","Economica",1e+05,1123,1,1939,264,772
"123","Intermedia",136000,1080,1,1958,288,1080
"124","Intermedia",153900,1199,2,1993,530,1199
"125","Cara",181000,1586,2,1979,435,1586
"126","Economica",84500,754,0,1935,0,520
"127","Economica",128000,958,2,1976,440,958
"128","Economica",87000,840,0,1930,0,840
"129","Intermedia",155000,1348,2,1966,453,660
"130","Intermedia",150000,1053,2,1958,750,1053
"131","Cara",226000,2157,2,1966,487,1216
"132","Cara",244000,2054,2,2000,390,1022
"133","Intermedia",150750,1327,2,1959,624,1327
"134","Cara",220000,1296,2,2001,471,1296
"135","Cara",180000,1721,2,1968,440,1721
"136","Cara",174000,1682,2,1970,530,1682
"137","Intermedia",143000,1214,1,1967,318,1214
"138","Cara",171000,1959,3,1988,766,1959
"139","Cara",230000,1852,3,1999,660,1004
"140","Cara",231500,1764,2,1997,470,928
"141","Economica",115000,864,0,1971,0,864
"142","Cara",260000,1734,2,2005,660,1734
"143","Cara",166000,1385,2,1952,720,910
"144","Cara",204000,1501,2,1999,577,1501
"145","Economica",125000,1728,2,1963,504,1728
"146","Intermedia",130000,1709,2,2004,380,970
"147","Economica",105000,875,1,1931,180,875
"148","Cara",222500,2035,2,2001,434,884
"149","Intermedia",141000,1080,0,2004,0,1080
"150","Economica",115000,1344,1,1936,240,896
"151","Economica",122000,969,2,1975,440,969
"152","Cara",372402,1710,3,2007,866,1710
"153","Cara",190000,1993,2,1971,495,1097
"154","Cara",235000,1252,2,1960,564,1252
"155","Economica",125000,1200,1,1923,312,1200
"156","Economica",79000,1096,0,1924,0,572
"157","Economica",109500,1040,2,1950,625,1040
"158","Cara",269500,1968,3,2009,680,774
"159","Cara",254900,1947,2,2004,678,991
"160","Cara",320000,2462,2,2005,576,1392
"161","Intermedia",162500,1232,2,1984,516,1232
"162","Cara",412500,2668,3,2003,726,1572
"163","Cara",220000,1541,2,2005,532,1541
"164","Economica",103200,882,0,1956,0,882
"165","Intermedia",152000,1616,1,1926,216,1149
"166","Economica",127500,1355,0,1940,0,808
"167","Cara",190000,1867,1,1955,303,1867
"168","Cara",325624,2161,3,2007,789,1610
"169","Cara",183500,1720,2,2004,440,840
"170","Cara",228000,1707,2,1981,511,1707
"171","Economica",128500,1382,2,1941,660,854
"172","Cara",215000,1656,2,1960,528,1656
"173","Cara",239000,1767,2,1987,504,1064
"174","Intermedia",163000,1362,2,1961,504,1362
"175","Cara",184000,1651,2,1986,616,1651
"176","Cara",243000,2158,2,1950,576,2158
"177","Cara",211000,2060,2,1988,521,1164
"178","Cara",172500,1920,2,1958,451,1252
"179","Cara",501837,2234,3,2008,1166,2234
"180","Economica",1e+05,968,2,1923,480,968
"181","Cara",177000,1525,2,2000,440,769
"182","Cara",200100,1802,1,1920,216,901
"183","Economica",120000,1340,1,1957,252,1340
"184","Cara",2e+05,2082,2,2003,484,1362
"185","Economica",127000,1252,2,1908,576,936
"186","Cara",475000,3608,3,1892,840,1518
"187","Cara",173000,1217,2,1990,497,1217
"188","Intermedia",135000,1656,1,1916,180,808
"189","Intermedia",153337,1224,2,1979,528,1224
"190","Cara",286000,1593,2,2001,682,1593
"191","Cara",315000,2727,2,1932,440,1549
"192","Cara",184000,1479,2,1972,484,725
"193","Cara",192000,1431,2,1999,666,1431
"194","Intermedia",130000,1709,2,2004,380,970
"195","Economica",127000,864,1,1972,352,864
"196","Intermedia",148500,1456,2,1976,440,855
"197","Cara",311872,1726,3,2007,786,1726
"198","Cara",235000,3112,2,1918,795,1360
"199","Economica",104000,2229,0,1912,0,929
"200","Cara",274900,1713,3,2004,856,1713
"201","Intermedia",140000,1121,2,2003,440,1121
"202","Cara",171500,1279,2,1977,473,1279
"203","Economica",112000,1310,1,1924,398,865
"204","Intermedia",149000,848,2,2004,420,848
"205","Economica",110000,1284,1,1947,240,720
"206","Cara",180500,1442,2,1990,500,1442
"207","Intermedia",143900,1696,1,1962,349,1696
"208","Intermedia",141000,1100,1,1960,312,1100
"209","Cara",277000,2062,2,1988,454,1180
"210","Intermedia",145000,1092,2,1964,504,1092
"211","Economica",98000,864,0,1925,0,864
"212","Cara",186000,1212,2,2009,460,1212
"213","Cara",252678,1852,2,2009,644,932
"214","Intermedia",156000,990,2,1995,576,990
"215","Intermedia",161750,1392,1,1977,299,689
"216","Intermedia",134450,1236,1,1957,447,1236
"217","Cara",210000,1436,2,2004,484,1436
"218","Economica",107000,1328,1,1925,210,810
"219","Cara",311500,1954,2,1939,431,1137
"220","Cara",167240,1248,2,2005,438,1248
"221","Cara",204900,1498,2,2006,675,1498
"222","Cara",2e+05,2267,2,2002,390,1010
"223","Cara",179900,1552,2,1975,434,811
"224","Economica",97000,864,2,1971,576,864
"225","Cara",386250,2392,3,2003,968,2392
"226","Economica",112000,1302,1,1971,280,630
"227","Cara",290000,2520,3,1995,721,1214
"228","Economica",106000,987,1,1970,280,483
"229","Economica",125000,912,1,1967,336,912
"230","Cara",192500,1555,2,2005,430,1555
"231","Intermedia",148000,1194,1,1959,312,1194
"232","Cara",403000,2794,3,1995,810,1490
"233","Economica",94500,987,1,1972,288,483
"234","Economica",128200,894,1,1976,308,894
"235","Cara",216500,1960,2,2002,440,860
"236","Economica",89500,987,1,1971,264,483
"237","Cara",185500,1414,2,2004,494,1414
"238","Cara",194500,1744,2,1993,457,1014
"239","Cara",318000,1694,3,2007,818,1694
"240","Economica",113000,1487,1,1945,220,798
"241","Cara",262500,1566,2,2008,750,1566
"242","Economica",110500,866,0,1945,0,866
"243","Economica",79000,1440,1,1900,352,889
"244","Economica",120000,1217,1,1980,288,626
"245","Cara",205000,2110,2,1994,463,1222
"246","Cara",241500,1872,2,1988,604,1872
"247","Intermedia",137000,1928,1,1910,440,908
"248","Intermedia",140000,1375,2,1954,451,1375
"249","Cara",180000,1668,2,2003,500,840
"250","Cara",277000,2144,2,1958,389,1444
"251","Economica",76500,1306,0,1940,0,1306
"252","Cara",235000,1625,2,2006,538,1625
"253","Cara",173000,1640,2,2004,520,798
"254","Intermedia",158000,1302,1,1964,309,1302
"255","Intermedia",145000,1314,1,1957,294,1314
"256","Cara",230000,2291,2,1999,429,1005
"257","Cara",207500,1728,2,2003,673,864
"258","Cara",220000,1604,2,2006,660,1604
"259","Cara",231500,1792,2,2001,564,963
"260","Economica",97000,882,1,1956,308,882
"261","Cara",176000,1382,2,1962,884,1382
"262","Cara",276000,2574,3,2007,868,1482
"263","Intermedia",151000,1212,2,1977,492,1212
"264","Intermedia",130000,1316,2,1929,484,926
"265","Economica",73000,764,2,1925,504,764
"266","Cara",175500,1422,2,1981,576,1422
"267","Cara",185000,1511,2,1997,413,802
"268","Cara",179500,2192,1,1939,240,1052
"269","Economica",120500,778,1,1940,924,778
"270","Intermedia",148000,1113,1,1976,504,1113
"271","Cara",266000,1939,3,2006,1053,1095
"272","Cara",241500,1363,2,1954,439,1363
"273","Cara",290000,2270,3,1999,671,1164
"274","Intermedia",139000,1632,1,1958,338,1632
"275","Economica",124500,816,1,1982,264,816
"276","Cara",205000,1548,2,1925,672,952
"277","Cara",201000,1560,2,2003,573,1560
"278","Intermedia",141000,864,2,1951,400,864
"279","Cara",415298,2121,3,2006,732,2121
"280","Cara",192000,2022,2,1977,505,1156
"281","Cara",228500,1982,2,1989,575,1175
"282","Cara",185000,1262,2,2006,572,1262
"283","Cara",207500,1314,2,2007,626,1314
"284","Cara",244600,1468,3,2008,898,1468
"285","Cara",179200,1575,2,1992,529,1575
"286","Cara",164700,1250,2,2006,528,625
"287","Intermedia",159000,1734,2,1962,440,1085
"288","Economica",88000,858,0,1971,0,858
"289","Economica",122000,900,1,1967,280,900
"290","Intermedia",153575,1396,1,1915,384,698
"291","Cara",233230,1919,2,2006,685,1079
"292","Intermedia",135900,1716,0,1912,0,936
"293","Intermedia",131000,1716,1,1949,281,1148
"294","Cara",235000,2263,2,1977,539,1468
"295","Cara",167000,1644,2,1953,418,1644
"296","Intermedia",142500,1003,2,1984,588,1003
"297","Intermedia",152000,1558,1,1950,282,910
"298","Cara",239000,1950,2,1997,576,975
"299","Cara",175000,1743,2,1968,539,1041
"300","Intermedia",158500,1152,1,1950,300,1152
"301","Intermedia",157000,1336,1,1953,375,1336
"302","Cara",267000,2452,2,1998,683,1210
"303","Cara",205000,1541,3,2001,843,1541
"304","Intermedia",149900,894,2,1972,552,894
"305","Cara",295000,3493,3,1880,870,1675
"306","Cara",305900,2000,3,2004,888,2000
"307","Cara",225000,2243,3,1990,746,1122
"308","Economica",89500,1406,0,1920,0,1035
"309","Economica",82500,861,2,1940,539,861
"310","Cara",360000,1944,3,2003,708,1944
"311","Cara",165600,1501,2,1993,420,697
"312","Intermedia",132000,972,1,1948,240,972
"313","Economica",119900,1118,2,1939,410,793
"314","Cara",375000,2036,2,1965,513,2036
"315","Cara",178000,1641,2,1925,546,832
"316","Cara",188500,1432,2,2004,432,716
"317","Cara",260000,2353,2,1980,484,1153
"318","Cara",270000,1959,3,2006,1025,1088
"319","Cara",260000,2646,3,1993,656,1372
"320","Cara",187500,1472,2,1980,588,1472
"321","Cara",342643,2596,3,2006,840,1249
"322","Cara",354000,2468,3,2004,872,1136
"323","Cara",301000,2730,2,1986,576,1553
"324","Economica",126175,1163,1,1955,220,1163
"325","Cara",242000,2978,2,1967,564,1898
"326","Economica",87000,803,2,1941,360,803
"327","Cara",324000,1719,2,1993,473,1719
"328","Intermedia",145250,1383,1,1960,292,1383
"329","Cara",214500,2134,2,1916,441,1445
"330","Economica",78000,1192,1,1920,189,596
"331","Economica",119000,1728,1,1964,352,1728
"332","Intermedia",139000,1056,1,1958,308,1056
"333","Cara",284000,1629,3,2003,880,1629
"334","Cara",207000,1358,2,2004,484,1358
"335","Cara",192000,1638,2,1998,472,943
"336","Cara",228950,1786,2,1965,529,1619
"337","Cara",377426,1922,3,2005,676,1922
"338","Cara",214000,1536,2,2002,532,1536
"339","Cara",202500,1621,2,1984,440,1621
"340","Intermedia",155000,1215,1,1958,297,1215
"341","Cara",202900,1908,2,2002,431,993
"342","Economica",82000,841,1,1950,294,841
"343","Economica",87500,1040,2,1949,400,1040
"344","Cara",266000,1684,2,2005,564,1684
"345","Economica",85000,1112,1,1976,336,536
"346","Intermedia",140200,1577,1,1939,312,972
"347","Intermedia",151500,958,1,1960,301,958
"348","Intermedia",157500,1478,2,1960,498,1478
"349","Intermedia",154000,1626,2,2003,474,764
"350","Cara",437154,2728,3,2005,706,1848
"351","Cara",318061,1869,2,2007,617,1869
"352","Cara",190000,1453,2,1986,445,1453
"353","Economica",95000,1111,1,1941,200,616
"354","Economica",105900,720,2,1928,484,720
"355","Intermedia",140000,1595,1,1940,240,1192
"356","Cara",177500,1200,2,1995,521,1200
"357","Cara",173000,1167,2,1992,400,1167
"358","Intermedia",134000,1142,2,1976,528,1142
"359","Intermedia",130000,1352,1,1958,288,1352
"360","Cara",280000,1924,2,1998,592,1086
"361","Intermedia",156000,912,2,1978,470,912
"362","Intermedia",145000,1505,1,1940,240,988
"363","Cara",198500,1922,2,2003,672,495
"364","Economica",118000,987,1,1972,264,483
"365","Cara",190000,1574,2,1976,566,790
"366","Intermedia",147000,1344,1,1920,468,672
"367","Intermedia",159000,1394,2,1963,514,1394
"368","Cara",165000,1431,1,1962,296,1431
"369","Intermedia",132000,1268,1,1954,244,1268
"370","Intermedia",162000,1287,2,1959,576,1287
"371","Cara",172400,1664,2,2000,460,953
"372","Intermedia",134432,1588,2,1959,680,1120
"373","Economica",125000,752,1,1984,264,752
"374","Economica",123000,1319,1,1953,270,1319
"375","Cara",219500,1928,2,2003,434,847
"376","Economica",61000,904,0,1922,0,904
"377","Intermedia",148000,914,2,1996,576,914
"378","Cara",340000,2466,2,2004,610,1580
"379","Cara",394432,1856,3,2010,834,1856
"380","Cara",179000,1800,2,2000,463,1007
"381","Economica",127000,1691,1,1924,308,1026
"382","Cara",187750,1301,2,2006,572,1301
"383","Cara",213500,1797,2,2006,639,939
"384","Economica",76000,784,2,1928,360,784
"385","Cara",240000,1953,2,1992,501,1079
"386","Cara",192000,1269,2,2004,430,1269
"387","Economica",81000,1184,0,1910,0,658
"388","Economica",125000,1125,1,1976,352,1125
"389","Cara",191000,1479,2,1999,577,1479
"390","Cara",426000,2332,3,2007,846,1742
"391","Economica",119000,1367,1,1900,384,961
"392","Cara",215000,1961,2,2001,560,804
"393","Economica",106500,882,1,1959,294,882
"394","Economica",1e+05,788,0,1941,0,788
"395","Economica",109000,1034,1,1940,240,735
"396","Economica",129000,1144,1,1956,596,1144
"397","Economica",123000,894,2,1972,600,894
"398","Cara",169500,1812,1,1962,264,876
"399","Economica",67000,1077,1,1920,338,1077
"400","Cara",241000,1550,2,2006,438,1112
"401","Cara",245500,1288,2,1996,500,1288
"402","Cara",164990,1310,2,2005,400,1310
"403","Economica",108000,672,1,1940,240,672
"404","Cara",258000,2263,2,1998,420,1165
"405","Cara",168000,1572,2,1995,373,806
"406","Intermedia",150000,1620,2,1976,490,1620
"407","Economica",115000,1639,1,1936,240,1166
"408","Cara",177000,1680,1,1915,308,840
"409","Cara",280000,2172,3,2006,947,1071
"410","Cara",339750,2078,3,2007,836,1050
"411","Economica",60000,1276,1,1958,350,1276
"412","Intermedia",145000,1056,2,1955,572,1056
"413","Cara",222000,1478,2,2009,484,1478
"414","Economica",115000,1028,2,1927,360,1028
"415","Cara",228000,2097,3,1993,678,1080
"416","Cara",181134,1340,2,2007,396,1340
"417","Intermedia",149500,1400,2,1978,440,672
"418","Cara",239000,2624,3,1918,864,1370
"419","Economica",126000,1134,1,1940,240,756
"420","Intermedia",142000,1056,1,1968,304,1056
"421","Cara",206300,1344,4,1997,784,1344
"422","Cara",215000,1602,2,1977,529,1602
"423","Economica",113000,988,2,1954,520,988
"424","Cara",315000,2630,3,1998,696,1470
"425","Intermedia",139000,1196,1,1956,297,1196
"426","Intermedia",135000,1389,1,1946,240,707
"427","Cara",275000,1644,2,1989,569,1644
"428","Economica",109008,907,1,1957,352,907
"429","Cara",195400,1208,2,2007,628,1208
"430","Cara",175000,1412,2,1988,576,1412
"431","Economica",85400,987,1,1971,264,483
"432","Economica",79900,1198,0,1920,0,1088
"433","Economica",122500,1365,2,1971,440,765
"434","Cara",181000,1604,2,1997,470,926
"435","Economica",81000,630,0,1972,0,630
"436","Cara",212000,1661,2,1996,550,827
"437","Economica",116000,1118,2,1920,440,734
"438","Economica",119000,904,1,1926,180,904
"439","Economica",90350,694,1,1913,352,694
"440","Economica",110000,1196,2,1920,528,684
"441","Cara",555000,2402,3,2008,672,2402
"442","Economica",118000,1440,0,1955,0,1440
"443","Intermedia",162900,1573,2,1930,360,1128
"444","Cara",172500,1258,3,2006,648,1258
"445","Cara",210000,1908,2,1994,493,933
"446","Economica",127500,1689,2,1956,480,1689
"447","Cara",190000,1888,2,1966,578,1888
"448","Cara",199900,1886,2,1998,431,956
"449","Economica",119500,1376,1,1937,198,780
"450","Economica",120000,1183,1,1948,308,679
"451","Economica",110000,813,1,1930,270,813
"452","Cara",280000,1533,2,1975,576,1533
"453","Cara",204000,1756,2,1996,422,888
"454","Cara",210000,1590,2,2008,676,786
"455","Cara",188000,1728,2,1976,560,1728
"456","Cara",175500,1242,2,1973,528,1242
"457","Economica",98000,1344,3,1916,513,624
"458","Cara",256000,1663,2,1954,529,1663
"459","Intermedia",161000,1666,1,1925,228,833
"460","Economica",110000,1203,1,1950,352,979
"461","Cara",263435,1935,2,2009,552,832
"462","Intermedia",155000,1135,2,1936,576,575
"463","Economica",62383,864,1,1965,360,864
"464","Cara",188700,1660,1,1934,240,849
"465","Economica",124000,1040,0,1978,0,1040
"466","Cara",178740,1414,2,2004,398,1414
"467","Cara",167000,1277,2,1970,526,1277
"468","Intermedia",146500,1644,1,1942,312,888
"469","Cara",250000,1634,3,2006,866,1634
"470","Cara",187000,1710,2,1993,506,832
"471","Cara",212000,1502,2,1985,528,1502
"472","Cara",190000,1969,2,1977,534,1161
"473","Intermedia",148000,1072,2,2005,525,1072
"474","Cara",440000,1976,3,2006,908,1976
"475","Cara",251000,1652,2,2000,499,1652
"476","Intermedia",132500,970,2,1963,624,970
"477","Cara",208900,1493,2,1997,508,1493
"478","Cara",380000,2643,3,2006,694,2069
"479","Cara",297000,1718,3,2007,826,1718
"480","Economica",89471,1131,2,1937,672,1131
"481","Cara",326000,1850,3,2004,772,1850
"482","Cara",374000,1792,3,2003,874,1792
"483","Intermedia",155000,1826,1,1915,164,916
"484","Cara",164000,1216,2,1998,402,1216
"485","Intermedia",132500,999,1,1962,264,999
"486","Intermedia",147000,1113,1,1950,264,1113
"487","Intermedia",156000,1073,2,1965,515,1073
"488","Cara",175000,1484,2,1971,487,1484
"489","Intermedia",160000,2414,2,1900,520,1766
"490","Economica",86000,630,1,1970,286,630
"491","Economica",115000,1304,1,1976,336,616
"492","Intermedia",133000,1578,1,1941,240,958
"493","Cara",172785,1456,2,2006,429,728
"494","Intermedia",155000,1269,1,1960,308,1269
"495","Economica",91300,886,1,1938,273,886
"496","Economica",34900,720,0,1920,0,720
"497","Cara",430000,3228,2,1992,546,3228
"498","Cara",184000,1820,1,1925,240,1133
"499","Intermedia",130000,899,1,1967,288,899
"500","Economica",120000,912,1,1958,297,912
"501","Economica",113000,1218,1,1973,264,672
"502","Cara",226700,1768,2,2005,603,866
"503","Intermedia",140000,1214,2,1965,461,1214
"504","Cara",289000,1801,2,1959,484,1801
"505","Intermedia",147000,1322,2,1974,440,855
"506","Economica",124500,1960,2,1952,400,960
"507","Cara",215000,1911,2,1993,471,1065
"508","Cara",208300,1218,2,2009,676,1218
"509","Intermedia",161000,1378,2,1928,360,689
"510","Economica",124500,1041,1,1959,270,1041
"511","Cara",164900,1363,1,1951,288,1363
"512","Cara",202665,1368,2,2005,474,1368
"513","Economica",129900,864,2,1958,624,864
"514","Intermedia",134000,1080,2,1983,484,1080
"515","Economica",96500,789,1,1926,200,789
"516","Cara",402861,2020,3,2009,900,2020
"517","Intermedia",158000,2119,2,1972,583,1378
"518","Cara",265000,2344,3,1996,889,1277
"519","Cara",211000,1796,2,1998,546,882
"520","Cara",234000,2080,1,1926,282,1276
"521","Economica",106250,1294,0,1900,0,694
"522","Intermedia",150000,1244,1,1957,336,1244
"523","Intermedia",159000,1664,2,1947,420,1004
"524","Cara",184750,4676,3,2007,884,3138
"525","Cara",315750,2398,3,1996,834,1383
"526","Cara",176000,1266,2,2005,453,1266
"527","Intermedia",132000,928,1,1956,252,928
"528","Cara",446261,2713,3,2008,858,1476
"529","Economica",86000,605,0,1920,0,605
"530","Cara",200624,2515,2,1957,484,2515
"531","Cara",175000,1509,2,1988,600,1509
"532","Economica",128000,1362,2,1920,502,751
"533","Economica",107500,827,1,1955,392,827
"534","Economica",39300,334,0,1946,0,334
"535","Cara",178000,1414,2,2004,403,707
"536","Economica",107500,1347,0,1910,0,820
"537","Cara",188000,1724,2,1998,527,880
"538","Economica",111250,864,2,1972,576,864
"539","Intermedia",158000,1159,1,1968,336,1159
"540","Cara",272000,1601,2,2001,670,1601
"541","Cara",315000,1838,3,2006,765,1838
"542","Cara",248000,2285,3,2000,648,997
"543","Cara",213250,1680,2,1998,583,1680
"544","Intermedia",133000,767,1,1998,367,767
"545","Cara",179665,1496,2,2006,426,664
"546","Cara",229000,2183,3,1988,786,1377
"547","Cara",210000,1635,2,1923,440,915
"548","Economica",129500,768,2,1970,624,768
"549","Economica",125000,825,2,1955,720,825
"550","Cara",263000,2094,2,2003,615,912
"551","Intermedia",140000,1069,2,1977,440,1069
"552","Economica",112500,928,1,1957,288,928
"553","Cara",255500,1717,3,2006,908,1717
"554","Economica",108000,1126,2,1949,520,1126
"555","Cara",284000,2046,3,2003,871,1006
"556","Economica",113000,1048,1,1922,280,1048
"557","Intermedia",141000,1092,1,1957,299,1092
"558","Economica",108000,1336,1,1920,570,897
"559","Cara",175000,1446,2,1996,406,729
"560","Cara",234000,1557,2,2003,420,1557
"561","Economica",121500,1392,2,1957,528,1392
"562","Cara",170000,1389,2,1974,418,1389
"563","Economica",108000,996,0,1940,0,996
"564","Cara",185000,1674,2,1918,396,1163
"565","Cara",268000,2295,2,1992,590,1166
"566","Economica",128000,1647,1,1915,216,841
"567","Cara",325000,2504,3,2005,656,1134
"568","Cara",214000,1535,2,2004,532,1535
"569","Cara",316600,2132,2,1983,612,1496
"570","Intermedia",135960,943,2,1979,600,943
"571","Intermedia",142600,1728,2,1965,576,1728
"572","Economica",120000,864,1,1959,288,864
"573","Cara",224500,1692,2,2009,650,846
"574","Cara",170000,1430,2,2000,400,774
"575","Intermedia",139000,1109,1,1971,288,576
"576","Economica",118500,1216,1,1947,336,832
"577","Intermedia",145000,1477,1,1928,216,877
"578","Cara",164500,1320,2,1966,564,1320
"579","Intermedia",146000,1392,2,2007,540,703
"580","Intermedia",131500,1795,1,1954,352,1050
"581","Cara",181900,1429,2,1960,572,1429
"582","Cara",253293,2042,3,2008,1390,2042
"583","Economica",118500,816,0,1990,0,816
"584","Cara",325000,2775,2,1893,880,1521
"585","Intermedia",133000,1573,1,1935,240,989
"586","Cara",369900,2028,3,2005,880,2028
"587","Intermedia",130000,838,1,1918,275,838
"588","Intermedia",137000,860,2,1982,528,860
"589","Intermedia",143000,1473,1,1968,452,1473
"590","Economica",79500,935,1,1930,308,779
"591","Cara",185900,1582,2,2004,520,770
"592","Cara",451950,2296,3,2008,842,1728
"593","Intermedia",138000,816,2,1982,816,816
"594","Intermedia",140000,848,2,2003,420,848
"595","Economica",110000,924,1,1975,280,924
"596","Cara",319000,1826,3,2005,758,1826
"597","Economica",114504,1368,1,1910,216,684
"598","Cara",194201,1402,3,2006,648,1402
"599","Cara",217500,1647,2,1977,621,1647
"600","Intermedia",151000,1556,2,1980,452,716
"601","Cara",275000,1904,2,2005,736,1058
"602","Intermedia",141000,1375,1,1937,544,780
"603","Cara",220000,1915,2,1992,506,927
"604","Intermedia",151000,1200,2,2004,480,600
"605","Cara",221000,1494,2,2002,530,1494
"606","Cara",205000,1986,2,1965,486,1186
"607","Intermedia",152000,1040,2,1996,576,1040
"608","Cara",225000,2008,1,1948,230,1112
"609","Cara",359100,3194,2,1934,380,1940
"610","Economica",118500,1029,1,1961,261,1029
"611","Cara",313000,2153,3,2000,736,1476
"612","Intermedia",148000,1032,2,1978,564,1032
"613","Cara",261500,1872,2,2001,531,1299
"614","Intermedia",147000,1120,0,2007,0,1120
"615","Economica",75500,630,0,1972,0,630
"616","Intermedia",137500,1054,2,1963,480,1054
"617","Cara",183200,1509,2,2002,393,807
"618","Economica",105500,832,2,1954,528,832
"619","Cara",314813,1828,3,2007,774,1828
"620","Cara",305000,2262,3,2003,749,1482
"621","Economica",67000,864,0,1914,0,864
"622","Cara",240000,2614,2,1974,624,1548
"623","Intermedia",135000,980,2,1977,484,980
"624","Cara",168500,1512,2,2000,440,756
"625","Cara",165150,1790,2,1972,484,1012
"626","Intermedia",160000,1116,2,1962,440,1116
"627","Intermedia",139900,1422,1,1960,286,1422
"628","Intermedia",153000,1520,1,1955,364,1520
"629","Intermedia",135000,2080,2,1969,504,1040
"630","Cara",168500,1350,2,1964,520,1350
"631","Economica",124000,1750,1,1880,240,1089
"632","Cara",209500,1554,2,2006,627,1554
"633","Economica",82500,1411,2,1977,544,1411
"634","Intermedia",139400,1056,1,1954,260,1056
"635","Intermedia",144000,1056,2,1980,576,1056
"636","Cara",2e+05,3395,0,1914,0,1440
"637","Economica",60000,800,0,1936,0,800
"638","Economica",93000,1387,1,1954,256,811
"639","Economica",85000,796,0,1910,0,796
"640","Cara",264561,1567,3,2006,648,1567
"641","Cara",274000,1518,2,2003,588,1518
"642","Cara",226000,1929,2,2001,650,1057
"643","Cara",345000,2704,2,1972,538,2000
"644","Intermedia",152000,1620,2,1969,462,780
"645","Cara",370878,1766,3,2009,478,1766
"646","Intermedia",143250,981,2,1971,576,981
"647","Economica",98300,1048,2,1950,420,1048
"648","Intermedia",155000,1094,2,1953,495,1094
"649","Intermedia",155000,1839,2,1966,442,1051
"650","Economica",84500,630,0,1970,0,630
"651","Cara",205950,1665,2,2007,562,822
"652","Economica",108000,1510,1,1940,296,755
"653","Cara",191000,1716,2,1996,512,909
"654","Intermedia",135000,1469,1,1906,216,756
"655","Cara",350000,2113,3,1995,839,2113
"656","Economica",88000,1092,1,1971,264,525
"657","Intermedia",145500,1053,1,1959,312,1053
"658","Intermedia",149000,1502,1,1931,270,851
"659","Economica",97500,1458,1,1948,330,912
"660","Cara",167000,1486,2,1964,480,1486
"661","Cara",197900,1935,2,1976,550,1142
"662","Cara",402000,2448,3,1994,711,1686
"663","Economica",110000,1392,2,1968,576,1392
"664","Intermedia",137500,1181,2,1972,588,1181
"665","Cara",423000,2097,3,2005,1134,2097
"666","Cara",230500,1936,2,2000,504,1454
"667","Economica",129000,2380,2,1965,596,1465
"668","Cara",193500,1679,2,1994,575,1679
"669","Cara",168000,1437,2,1956,576,1437
"670","Intermedia",137500,1180,1,1922,252,1180
"671","Cara",173500,1476,2,2005,540,738
"672","Economica",103600,1369,1,1925,300,697
"673","Cara",165000,1208,2,1977,546,1208
"674","Cara",257500,1839,2,1957,416,1839
"675","Intermedia",140000,1136,1,1965,384,1136
"676","Intermedia",148500,1441,2,1978,440,855
"677","Economica",87000,1774,3,1900,779,1095
"678","Economica",109500,792,1,1924,240,792
"679","Cara",372500,2046,3,2008,834,2046
"680","Economica",128500,988,2,1961,572,988
"681","Intermedia",143000,923,1,1980,264,923
"682","Intermedia",159434,1520,1,1932,281,848
"683","Cara",173000,1291,2,1996,431,1291
"684","Cara",285000,1668,3,2002,702,1668
"685","Cara",221000,1839,2,1998,486,1195
"686","Cara",207500,2090,2,1984,577,1190
"687","Cara",227875,1761,2,2007,578,874
"688","Intermedia",148800,1102,2,2004,480,551
"689","Cara",392000,1419,2,2007,567,1419
"690","Cara",194700,1362,2,2005,460,1362
"691","Intermedia",141000,848,2,2004,420,848
"692","Cara",755000,4316,3,1994,832,2444
"693","Cara",335000,2519,2,1989,628,1238
"694","Economica",108480,1073,1,1921,326,1073
"695","Intermedia",141500,1539,2,1936,576,1067
"696","Cara",176000,1137,2,1987,551,1137
"697","Economica",89000,616,1,1921,205,616
"698","Economica",123500,1148,1,1952,308,1148
"699","Intermedia",138500,894,1,1965,336,894
"700","Cara",196000,1391,2,2004,530,1391
"701","Cara",312500,1800,3,2002,765,1800
"702","Intermedia",140000,1164,2,1969,528,1164
"703","Cara",361919,2576,3,2006,666,1264
"704","Intermedia",140000,1812,2,1900,672,1032
"705","Cara",213000,1484,2,2004,606,1484
"706","Economica",55000,1092,0,1930,0,372
"707","Cara",302000,1824,2,1971,739,1824
"708","Cara",254000,1324,2,2006,550,1324
"709","Cara",179540,1456,2,2007,400,728
"710","Economica",109900,904,1,1966,408,904
"711","Economica",52000,729,0,1935,0,729
"712","Economica",102776,1178,1,1900,384,859
"713","Cara",189000,1228,2,1988,472,1228
"714","Economica",129000,960,2,1970,576,960
"715","Intermedia",130500,1479,2,1976,475,725
"716","Cara",165000,1350,2,1974,478,1350
"717","Intermedia",159500,2554,2,1890,704,1576
"718","Intermedia",157000,1178,2,1973,439,1178
"719","Cara",341000,2418,3,1993,983,1325
"720","Economica",128500,971,1,1969,300,971
"721","Cara",275000,1742,2,1985,564,1742
"722","Intermedia",143000,848,2,2004,420,848
"723","Economica",124500,864,2,1970,463,864
"724","Intermedia",135000,1470,1,1954,548,997
"725","Cara",320000,1698,3,2007,768,1698
"726","Economica",120500,864,2,1970,660,864
"727","Cara",222000,1680,2,1988,540,1680
"728","Cara",194500,1232,2,2007,632,1232
"729","Economica",110000,1776,3,1958,888,1776
"730","Economica",103000,1208,2,1925,539,848
"731","Cara",236500,1616,2,1995,608,1616
"732","Cara",187500,1146,2,2003,438,1146
"733","Cara",222500,2031,2,1998,541,1153
"734","Intermedia",131400,1144,1,1961,264,1144
"735","Economica",108000,948,1,1968,300,948
"736","Intermedia",163000,1768,2,1914,320,880
"737","Economica",93500,1040,2,1950,400,1040
"738","Cara",239900,1801,3,2005,800,901
"739","Cara",179000,1200,0,1987,0,1200
"740","Cara",190000,1728,2,2004,572,864
"741","Intermedia",132000,1432,2,1910,360,768
"742","Intermedia",142000,912,1,1961,288,912
"743","Cara",179000,1349,2,2000,539,1349
"744","Cara",175000,1464,2,1963,480,1464
"745","Cara",180000,1337,2,1993,462,1337
"746","Cara",299800,2715,2,1976,831,1175
"747","Cara",236000,2256,2,2000,554,980
"748","Cara",265979,2640,4,1880,864,1320
"749","Cara",260400,1720,2,1996,527,1720
"750","Economica",98000,1529,1,1945,240,1088
"751","Economica",96500,1140,0,1910,0,792
"752","Intermedia",162000,1320,2,2003,400,660
"753","Cara",217000,1494,2,1997,576,1494
"754","Cara",275500,2098,3,2005,878,1038
"755","Intermedia",156000,1026,2,1969,440,1026
"756","Cara",172500,1471,2,1999,440,742
"757","Cara",212000,1768,2,2007,578,866
"758","Intermedia",158900,1386,2,1978,440,672
"759","Cara",179400,1501,2,1999,440,757
"760","Cara",290000,2531,3,1995,752,1328
"761","Economica",127500,864,1,1959,300,864
"762","Economica",1e+05,1301,2,1924,440,1301
"763","Cara",215200,1547,2,2009,614,764
"764","Cara",337000,2365,3,1999,856,1268
"765","Cara",270000,1494,2,1995,481,1494
"766","Cara",264132,1506,2,2008,592,1506
"767","Cara",196500,1714,2,1988,496,980
"768","Intermedia",160000,1750,1,1940,423,983
"769","Cara",216837,1836,2,2004,484,1836
"770","Cara",538000,3279,3,2003,841,1690
"771","Intermedia",134900,858,2,1982,576,858
"772","Economica",102000,1220,2,1951,396,1220
"773","Economica",107000,1117,2,1976,672,1117
"774","Economica",114500,912,1,1958,275,912
"775","Cara",395000,1973,3,2006,895,1973
"776","Intermedia",162000,1204,2,1998,412,1204
"777","Cara",221500,1614,3,2005,865,1614
"778","Intermedia",142500,894,2,1974,440,894
"779","Intermedia",144000,2020,2,1977,630,2020
"780","Intermedia",135000,1004,2,1977,504,1004
"781","Cara",176000,1253,2,1995,402,1253
"782","Cara",175900,1603,2,1992,484,810
"783","Cara",187100,1430,2,2001,605,1430
"784","Cara",165500,1110,2,1978,602,1110
"785","Economica",128000,1484,0,1914,0,742
"786","Intermedia",161500,1342,2,1967,457,1342
"787","Intermedia",139000,1652,1,1915,416,966
"788","Cara",233000,2084,2,2004,618,956
"789","Economica",107900,901,1,1954,281,901
"790","Cara",187500,2087,2,1966,444,976
"791","Intermedia",160200,1145,2,2005,397,1145
"792","Intermedia",146800,1062,2,1976,539,1062
"793","Cara",269790,2013,2,1996,455,1127
"794","Cara",225000,1496,2,2007,474,1496
"795","Cara",194500,1895,2,1994,409,1086
"796","Cara",171000,1564,2,1980,476,888
"797","Intermedia",143500,1285,2,1977,528,1285
"798","Economica",110000,773,1,1953,240,773
"799","Cara",485000,3140,3,2008,820,1966
"800","Cara",175000,1768,1,1937,240,981
"801","Cara",2e+05,1688,2,1997,603,616
"802","Economica",109900,1196,2,1916,440,1196
"803","Cara",189000,1456,2,2005,410,728
"804","Cara",582933,2822,3,2008,1020,1734
"805","Economica",118000,1128,1,1954,286,1128
"806","Cara",227680,1428,2,2008,554,1428
"807","Intermedia",135500,980,1,1967,384,980
"808","Cara",223500,1576,2,1923,528,1072
"809","Intermedia",159950,1086,2,1966,484,1086
"810","Economica",106000,2138,2,1898,360,1075
"811","Cara",181000,1309,2,1974,484,1309
"812","Intermedia",144500,848,2,2004,420,848
"813","Economica",55993,1044,2,1952,504,1044
"814","Intermedia",157900,1442,1,1958,301,1442
"815","Economica",116000,1250,1,1918,280,686
"816","Cara",224900,1661,2,1998,598,1661
"817","Intermedia",137000,1008,1,1954,275,1008
"818","Cara",271000,1689,3,2002,857,1689
"819","Intermedia",155000,1052,2,1971,440,1052
"820","Cara",224000,1358,2,2009,484,1358
"821","Cara",183000,1640,2,2003,595,798
"822","Economica",93000,936,2,1953,576,936
"823","Cara",225000,1733,2,2003,433,847
"824","Intermedia",139500,1489,1,1940,240,944
"825","Cara",232600,1489,2,2006,776,1489
"826","Cara",385000,2084,3,2007,1220,2084
"827","Economica",109500,784,0,1924,0,784
"828","Cara",189000,1434,2,2001,527,1434
"829","Cara",185000,2126,2,1967,538,1160
"830","Intermedia",147400,1223,2,2005,480,520
"831","Cara",166000,1392,2,1957,458,1392
"832","Intermedia",151000,1200,2,2005,480,520
"833","Cara",237000,1829,2,2003,613,941
"834","Cara",167000,1516,2,1964,472,1516
"835","Intermedia",139950,1144,2,1961,456,1144
"836","Economica",128000,1067,2,1950,436,1067
"837","Intermedia",153500,1559,2,1948,812,1559
"838","Economica",1e+05,987,1,1973,264,483
"839","Intermedia",144000,1099,1,1995,352,1099
"840","Intermedia",130500,1200,1,1946,240,768
"841","Intermedia",140000,1482,1,1925,400,810
"842","Intermedia",157500,1539,2,1904,686,958
"843","Cara",174900,1165,2,1966,490,1165
"844","Intermedia",141000,1800,0,1961,0,1800
"845","Intermedia",153900,1416,3,1915,720,876
"846","Cara",171000,1701,2,1975,611,1701
"847","Cara",213000,1775,2,1993,425,1006
"848","Intermedia",133500,864,1,1972,338,864
"849","Cara",240000,2358,2,1908,360,1307
"850","Cara",187000,1855,2,1976,512,1094
"851","Intermedia",131500,848,2,2003,420,848
"852","Cara",215000,1456,2,2003,400,1456
"853","Cara",164000,1646,1,1941,240,918
"854","Intermedia",158000,1445,2,1964,645,1445
"855","Cara",170000,1779,2,1955,454,1779
"856","Economica",127000,1040,1,1962,260,1040
"857","Intermedia",147000,1026,2,1978,576,1026
"858","Cara",174000,1481,2,1994,343,702
"859","Intermedia",152000,1370,2,1976,479,1370
"860","Cara",250000,2654,2,1968,619,1512
"861","Cara",189950,1426,1,1918,216,912
"862","Intermedia",131500,1039,2,1965,504,1039
"863","Intermedia",152000,1097,2,1984,480,1097
"864","Intermedia",132500,1148,1,1959,672,1148
"865","Cara",250580,1372,2,2007,529,1372
"866","Intermedia",148500,1002,2,1970,902,1002
"867","Cara",248900,1646,3,2006,870,1646
"868","Economica",129000,1120,2,1961,544,1120
"869","Cara",169000,2320,2,1948,672,1547
"870","Cara",236000,1949,2,1993,574,1062
"871","Economica",109500,894,1,1962,308,894
"872","Cara",200500,1682,2,1998,523,804
"873","Economica",116000,910,2,1953,414,910
"874","Intermedia",133000,1268,1,1949,288,1036
"875","Economica",66500,1131,1,1941,200,676
"876","Cara",303477,2610,2,2007,550,1184
"877","Intermedia",132250,1040,2,1963,648,1040
"878","Cara",350000,2224,3,2004,738,1462
"879","Intermedia",148000,1155,2,1961,576,1155
"880","Intermedia",136500,864,1,1978,336,864
"881","Intermedia",157000,1090,2,2005,450,1090
"882","Cara",187500,1717,2,1990,400,1187
"883","Cara",178000,1593,2,1992,389,808
"884","Economica",118500,2230,1,1912,440,954
"885","Economica",1e+05,892,1,1967,288,892
"886","Cara",328900,1709,2,1999,506,1709
"887","Intermedia",145000,1712,2,1959,588,1712
"888","Intermedia",135500,1393,1,1955,300,872
"889","Cara",268000,2217,2,1970,621,2217
"890","Intermedia",149500,1505,2,1953,505,1505
"891","Economica",122900,924,2,1949,576,672
"892","Cara",172500,1683,2,1978,440,918
"893","Intermedia",154500,1068,1,1963,264,1068
"894","Cara",165000,1383,1,1954,354,1383
"895","Economica",118858,1535,2,1979,400,1535
"896","Intermedia",140000,1796,2,1963,483,983
"897","Economica",106500,951,1,1936,327,951
"898","Intermedia",142953,2240,2,1979,528,1120
"899","Cara",611657,2364,3,2009,820,2364
"900","Intermedia",135000,1236,1,1961,288,1236
"901","Economica",110000,858,1,1971,684,858
"902","Intermedia",153000,1306,1,1957,756,1306
"903","Cara",180000,1509,2,2003,393,807
"904","Cara",240000,1670,3,2006,690,1670
"905","Economica",125500,902,1,1967,288,902
"906","Economica",128000,1063,1,1954,280,1063
"907","Cara",255000,1636,3,2006,865,1636
"908","Cara",250000,2057,1,1936,180,1020
"909","Intermedia",131000,902,2,1983,484,902
"910","Cara",174000,1484,2,2005,390,742
"911","Intermedia",154300,2274,2,1960,480,1105
"912","Intermedia",143500,1268,1,1977,252,1268
"913","Economica",88000,1015,1,1925,450,1015
"914","Intermedia",145000,2002,3,1949,871,1001
"915","Cara",173733,1224,2,2009,528,612
"916","Economica",75000,1092,1,1970,286,546
"917","Economica",35311,480,1,1949,308,480
"918","Intermedia",135000,1229,1,1956,284,1229
"919","Cara",238000,2127,3,1991,833,912
"920","Cara",176500,1414,2,1958,601,1414
"921","Cara",201000,1721,2,1994,471,936
"922","Intermedia",145900,2200,0,1900,0,1272
"923","Cara",169990,1316,2,2005,397,1316
"924","Cara",193000,1617,2,1993,533,1617
"925","Cara",207500,1686,2,1980,612,1686
"926","Cara",175000,1126,2,1977,540,1126
"927","Cara",285000,2374,3,2003,656,1234
"928","Cara",176000,1978,2,1968,486,1098
"929","Cara",236500,1788,2,2001,522,1788
"930","Cara",222000,2236,2,1997,642,993
"931","Cara",201000,1466,3,2007,610,1466
"932","Economica",117500,925,1,1965,429,925
"933","Cara",320000,1905,3,2006,788,1905
"934","Cara",190000,1500,2,2004,570,1500
"935","Cara",242000,2069,2,1960,505,2069
"936","Economica",79900,747,2,1926,528,747
"937","Cara",184900,1200,2,2003,555,1200
"938","Cara",253000,1971,2,2005,689,1113
"939","Cara",239799,1962,3,2006,868,1391
"940","Cara",244400,2403,1,1940,349,1207
"941","Intermedia",150900,1728,2,1976,574,1728
"942","Cara",214000,2060,2,1999,390,1022
"943","Intermedia",150000,1440,0,1977,0,1440
"944","Intermedia",143000,1632,2,1967,576,1632
"945","Intermedia",137500,1344,2,1958,525,1344
"946","Economica",124900,1869,2,1890,456,1188
"947","Intermedia",143000,1144,1,1959,796,1144
"948","Cara",270000,1629,3,2002,808,1629
"949","Cara",192500,1776,2,2002,474,936
"950","Cara",197500,1381,2,1972,676,1381
"951","Economica",129000,864,2,1950,720,864
"952","Economica",119900,965,1,1965,300,965
"953","Intermedia",133900,768,1,1972,396,768
"954","Cara",172000,1968,2,1969,530,1168
"955","Economica",127500,980,0,1975,0,980
"956","Intermedia",145000,1958,2,1946,492,979
"957","Economica",124000,1229,2,1980,462,561
"958","Intermedia",132000,1057,2,1962,576,1057
"959","Cara",185000,1337,2,2003,531,1337
"960","Intermedia",155000,1416,2,1999,484,696
"961","Economica",116500,858,0,1958,0,858
"962","Cara",272000,2872,2,1977,619,1542
"963","Intermedia",155000,1548,2,1976,440,804
"964","Cara",239000,1800,2,2007,702,1800
"965","Cara",214900,1894,2,2002,510,824
"966","Cara",178900,1484,2,2005,393,783
"967","Intermedia",160000,1308,1,1940,256,976
"968","Intermedia",135000,1098,1,1955,260,1098
"969","Economica",37900,968,0,1910,0,600
"970","Intermedia",140000,1095,1,1958,264,1095
"971","Intermedia",135000,1192,0,1949,0,720
"972","Cara",173000,1626,2,2003,474,764
"973","Economica",99500,918,1,1979,264,918
"974","Cara",182000,1428,2,2007,480,1428
"975","Cara",167500,2019,2,1910,532,1136
"976","Cara",165000,1382,2,2000,490,673
"977","Economica",85500,869,0,1923,0,869
"978","Cara",199900,1241,2,2006,569,1241
"979","Economica",110000,894,2,1954,400,894
"980","Intermedia",139000,1121,2,1963,480,1121
"981","Cara",178400,999,2,1961,588,999
"982","Cara",336000,2612,3,1998,676,1276
"983","Intermedia",159895,1266,2,2007,388,1266
"984","Cara",255900,2290,2,2002,779,1149
"985","Economica",126000,1734,2,1977,539,1302
"986","Economica",125000,1164,1,1950,240,1164
"987","Economica",117000,1635,1,1910,255,1001
"988","Cara",395192,1940,3,2009,606,1940
"989","Cara",195000,2030,2,1976,551,1118
"990","Cara",197000,1576,2,2006,614,778
"991","Cara",348000,2392,3,1997,870,1407
"992","Cara",168000,1742,2,1882,424,916
"993","Cara",187000,1851,2,1964,440,1020
"994","Cara",173900,1500,2,2005,564,750
"995","Cara",337500,1718,3,2006,786,1718
"996","Economica",121600,1230,1,1946,305,774
"997","Intermedia",136500,1050,1,1961,368,1050
"998","Cara",185000,1442,2,1970,615,1442
"999","Economica",91000,1077,1,1922,210,1077
"1000","Cara",206000,1208,2,2006,632,1208
"1001","Economica",82000,944,2,1952,528,944
"1002","Economica",86000,691,1,1920,216,691
"1003","Cara",232000,1574,3,2006,824,1574
"1004","Intermedia",136905,1680,2,1976,528,1680
"1005","Cara",181000,1504,2,2005,457,1504
"1006","Intermedia",149900,985,1,1977,328,985
"1007","Cara",163500,1657,2,1970,484,1657
"1008","Economica",88000,1092,1,1970,286,546
"1009","Cara",240000,1710,2,2004,550,1710
"1010","Economica",102000,1522,0,1926,0,1008
"1011","Intermedia",135000,1271,1,1948,312,720
"1012","Economica",1e+05,1664,0,1965,0,1664
"1013","Cara",165000,1502,1,1923,180,900
"1014","Economica",85000,1022,1,1910,280,1022
"1015","Economica",119200,1082,1,1948,240,1082
"1016","Cara",227000,1665,2,2001,528,810
"1017","Cara",203000,1504,2,1996,478,1504
"1018","Cara",187500,1360,2,1984,565,1360
"1019","Intermedia",160000,1472,2,1991,402,802
"1020","Cara",213490,1506,2,2005,440,1506
"1021","Cara",176000,1132,2,2005,451,1132
"1022","Cara",194000,1220,2,2006,632,1220
"1023","Economica",87000,1248,1,1930,160,912
"1024","Cara",191000,1504,2,2005,437,1504
"1025","Cara",287000,2898,2,1976,665,2898
"1026","Economica",112500,882,2,1972,461,882
"1027","Cara",167500,1264,2,1960,461,1264
"1028","Cara",293077,1646,3,2007,800,1646
"1029","Economica",105000,1376,1,1941,240,968
"1030","Economica",118000,1218,1,1972,264,672
"1031","Intermedia",160000,1928,0,1916,0,948
"1032","Cara",197000,3082,2,1920,672,1687
"1033","Cara",310000,2520,3,1993,796,1352
"1034","Cara",230000,1654,3,2002,900,1654
"1035","Economica",119750,954,1,1938,240,954
"1036","Economica",84000,845,1,1957,290,845
"1037","Cara",315500,1620,3,2007,912,1620
"1038","Cara",287000,2263,2,2001,905,1055
"1039","Economica",97000,1344,0,1970,0,798
"1040","Economica",80000,630,1,1970,286,630
"1041","Intermedia",155000,1803,2,1957,484,1803
"1042","Cara",173000,1632,2,1966,484,800
"1043","Cara",196000,1306,2,2005,624,1306
"1044","Cara",262280,2329,2,1990,514,1532
"1045","Cara",278000,2524,2,1981,542,2524
"1046","Intermedia",139600,1733,2,1955,452,1733
"1047","Cara",556581,2868,3,2005,716,1992
"1048","Intermedia",145000,990,2,1994,672,990
"1049","Economica",115000,1771,2,1960,336,1771
"1050","Economica",84900,930,1,1946,308,930
"1051","Cara",176485,1302,2,2007,436,1302
"1052","Cara",200141,1316,2,2007,440,1316
"1053","Cara",165000,1977,2,1964,540,1127
"1054","Intermedia",144500,1526,1,1957,364,1526
"1055","Cara",255000,1989,2,2002,586,1091
"1056","Cara",180000,1523,2,1976,478,1523
"1057","Cara",185850,1364,2,2005,484,1364
"1058","Cara",248000,1850,2,1994,467,979
"1059","Cara",335000,2184,3,2008,836,1130
"1060","Cara",220000,1991,2,1932,432,1096
"1061","Cara",213500,1338,2,2001,582,1338
"1062","Economica",81000,894,3,1935,1248,894
"1063","Economica",90000,2337,2,1900,560,1422
"1064","Economica",110500,1103,2,1925,440,1103
"1065","Intermedia",154000,1154,2,1966,480,1154
"1066","Cara",328000,2260,2,1996,533,1306
"1067","Cara",178000,1571,2,1993,380,799
"1068","Cara",167900,1611,2,1964,442,798
"1069","Intermedia",151400,2521,2,1973,576,1291
"1070","Intermedia",135000,893,2,1949,576,893
"1071","Intermedia",135000,1048,1,1956,286,1048
"1072","Intermedia",154000,1556,2,1968,441,829
"1073","Economica",91500,1456,1,1948,280,1002
"1074","Intermedia",159500,1426,2,1977,440,698
"1075","Cara",194000,1240,3,2006,826,1240
"1076","Cara",219500,1740,1,1940,240,960
"1077","Cara",170000,1466,2,1936,566,1096
"1078","Intermedia",138800,1096,1,1969,299,1096
"1079","Intermedia",155900,848,2,2004,420,848
"1080","Economica",126000,990,1,1994,299,990
"1081","Intermedia",145000,1258,2,1971,528,1258
"1082","Intermedia",133000,1040,1,1963,308,1040
"1083","Cara",192000,1459,2,2002,527,1459
"1084","Intermedia",160000,1251,1,1964,461,1251
"1085","Cara",187500,1498,2,1995,409,691
"1086","Intermedia",147000,996,2,1992,564,996
"1087","Economica",83500,1092,1,1973,286,546
"1088","Cara",252000,1953,3,2005,1043,1082
"1089","Intermedia",137500,1709,2,2004,380,970
"1090","Cara",197000,1247,2,2005,550,1247
"1091","Economica",92900,1040,2,1950,400,1040
"1092","Intermedia",160000,1252,2,1999,462,624
"1093","Intermedia",136500,1694,2,1925,576,1390
"1094","Intermedia",146000,1200,2,1965,884,1200
"1095","Economica",129000,936,1,1956,308,936
"1096","Cara",176432,1314,2,2006,440,1314
"1097","Economica",127000,1355,0,1914,0,773
"1098","Cara",170000,1088,2,1986,461,1088
"1099","Economica",128000,1324,1,1936,240,757
"1100","Intermedia",157000,1601,2,1978,478,1601
"1101","Economica",60000,438,1,1920,246,438
"1102","Economica",119500,950,1,1971,280,950
"1103","Intermedia",135000,1134,1,1960,254,1134
"1104","Intermedia",159500,1194,2,1959,539,1194
"1105","Economica",106000,1302,2,1970,440,630
"1106","Cara",325000,2622,2,1994,712,1500
"1107","Cara",179900,1442,2,1990,719,1442
"1108","Cara",274725,2021,2,2006,422,887
"1109","Cara",181000,1690,2,2000,463,948
"1110","Cara",280000,1836,3,2004,862,1836
"1111","Cara",188000,1658,2,1995,431,773
"1112","Cara",205000,1964,2,1976,483,1098
"1113","Economica",129900,816,1,1957,308,816
"1114","Intermedia",134500,1008,1,1953,240,1008
"1115","Economica",117000,833,1,1954,326,833
"1116","Cara",318000,1734,3,2007,928,1734
"1117","Cara",184100,1419,2,2002,527,779
"1118","Intermedia",130000,894,2,1967,450,894
"1119","Intermedia",140000,1601,1,1958,300,1021
"1120","Intermedia",133700,1040,1,1959,286,1040
"1121","Economica",118400,1012,1,1920,308,1012
"1122","Cara",212900,1552,3,2005,782,1552
"1123","Economica",112000,960,1,1956,288,960
"1124","Economica",118000,698,0,1947,0,698
"1125","Cara",163900,1482,2,1992,392,812
"1126","Economica",115000,1005,2,1955,672,1005
"1127","Cara",174000,1555,3,2007,660,1555
"1128","Cara",259000,1530,3,2004,630,1530
"1129","Cara",215000,1959,2,2004,434,847
"1130","Intermedia",140000,936,2,1980,672,936
"1131","Intermedia",135000,1981,2,1928,576,1328
"1132","Economica",93500,974,0,1991,0,974
"1133","Economica",117500,2210,1,1880,205,1178
"1134","Cara",239500,2020,2,1995,466,1142
"1135","Cara",169000,1600,2,1997,460,916
"1136","Economica",102000,986,1,1926,180,986
"1137","Economica",119000,1252,1,1950,288,1032
"1138","Economica",94000,1020,0,1875,0,780
"1139","Cara",196000,1567,2,1977,714,1567
"1140","Intermedia",144000,1167,2,1920,495,1167
"1141","Intermedia",139000,952,2,1951,840,952
"1142","Cara",197500,1868,2,1976,484,1088
"1143","Cara",424870,2828,3,2006,1052,1466
"1144","Economica",80000,1006,0,1959,0,1006
"1145","Economica",80000,924,1,1941,280,672
"1146","Intermedia",149000,1576,1,1928,225,1042
"1147","Cara",180000,1298,2,1985,403,1298
"1148","Cara",174500,1564,1,1941,234,860
"1149","Economica",116900,1111,1,1926,288,572
"1150","Intermedia",143000,1482,2,1920,324,832
"1151","Economica",124000,932,1,1950,306,932
"1152","Intermedia",149900,1466,2,1959,528,1466
"1153","Cara",230000,1811,2,1956,470,1811
"1154","Economica",120500,816,1,1930,432,816
"1155","Cara",201800,1820,2,1965,492,902
"1156","Cara",218000,1437,2,1976,528,1437
"1157","Cara",179900,1265,2,1965,502,1265
"1158","Cara",230000,1314,2,2007,626,1314
"1159","Cara",235128,1580,3,2007,830,1580
"1160","Cara",185000,1876,2,1974,540,943
"1161","Intermedia",146000,1456,2,1978,440,855
"1162","Cara",224000,1640,2,1954,924,1640
"1163","Economica",129000,894,2,1968,450,894
"1164","Economica",108959,1258,2,1969,400,1258
"1165","Cara",194000,1432,2,1978,588,1432
"1166","Cara",233170,1502,2,2009,644,1502
"1167","Cara",245350,1694,3,2008,776,1694
"1168","Cara",173000,1671,2,2000,472,959
"1169","Cara",235000,2108,2,1935,540,1236
"1170","Cara",625000,3627,3,1995,807,1831
"1171","Cara",171000,1118,1,1977,358,1118
"1172","Intermedia",163000,1261,2,1958,433,1261
"1173","Cara",171900,1250,2,2006,625,625
"1174","Cara",200500,3086,0,1946,0,1636
"1175","Cara",239000,2345,2,1932,360,1170
"1176","Cara",285000,2872,2,1992,541,2129
"1177","Economica",119500,923,1,1984,264,923
"1178","Economica",115000,1224,1,1926,210,818
"1179","Intermedia",154900,1343,1,1921,186,820
"1180","Economica",93000,1124,0,1954,0,1124
"1181","Cara",250000,2514,2,1990,693,1298
"1182","Cara",392500,1652,2,2008,482,1652
"1183","Cara",745000,4476,3,1996,813,2411
"1184","Economica",120000,1130,2,1920,720,1130
"1185","Cara",186700,1572,3,1963,995,1572
"1186","Economica",104900,1221,1,1924,392,949
"1187","Economica",95000,1699,2,1900,420,1014
"1188","Cara",262000,1624,3,1994,757,1624
"1189","Cara",195000,1660,2,2002,493,831
"1190","Cara",189000,1804,2,1999,442,1028
"1191","Cara",168000,1622,4,1961,1356,1622
"1192","Cara",174000,1441,2,1999,492,764
"1193","Economica",125000,1472,1,1925,250,842
"1194","Cara",165000,1224,2,1999,402,1224
"1195","Intermedia",158000,1352,1,1969,299,663
"1196","Cara",176000,1456,2,2005,400,728
"1197","Cara",219210,1863,3,2006,660,879
"1198","Intermedia",144000,1690,1,1916,225,815
"1199","Cara",178000,1212,2,2001,573,1212
"1200","Intermedia",148000,1382,2,1963,459,1382
"1201","Economica",116050,864,1,1970,280,864
"1202","Cara",197900,1779,2,1998,546,866
"1203","Economica",117000,1348,1,1925,216,884
"1204","Cara",213000,1630,2,2000,451,1630
"1205","Intermedia",153500,1074,2,1975,495,1074
"1206","Cara",271900,2196,3,1990,701,2196
"1207","Economica",107000,1056,1,1966,384,1056
"1208","Cara",2e+05,1700,2,2003,544,1700
"1209","Intermedia",140000,1283,2,1962,506,1283
"1210","Cara",290000,1660,2,2006,500,1660
"1211","Cara",189000,1845,2,1992,462,1055
"1212","Cara",164000,1752,2,1988,492,1080
"1213","Economica",113000,672,1,1941,234,672
"1214","Intermedia",145000,960,1,1965,364,960
"1215","Intermedia",134500,999,1,1962,300,999
"1216","Economica",125000,894,1,1966,384,894
"1217","Economica",112000,1902,2,1978,539,1318
"1218","Cara",229456,1314,2,2009,552,1314
"1219","Economica",80500,912,0,1947,0,672
"1220","Economica",91500,1218,0,1971,0,672
"1221","Economica",115000,912,1,1964,288,912
"1222","Intermedia",134000,1211,1,1968,322,1211
"1223","Intermedia",143000,1846,1,1949,315,1168
"1224","Intermedia",137900,2136,2,1951,528,2136
"1225","Cara",184000,1490,2,2004,388,788
"1226","Intermedia",145000,1138,1,1958,264,1138
"1227","Cara",214000,1933,3,2007,668,894
"1228","Intermedia",147000,912,2,1965,576,912
"1229","Cara",367294,1702,3,2008,1052,1702
"1230","Economica",127000,1507,1,1960,404,1507
"1231","Cara",190000,2620,2,1977,600,1361
"1232","Intermedia",132500,1190,2,1962,540,1190
"1233","Economica",101800,1224,2,1962,462,1224
"1234","Intermedia",142000,1188,2,1959,531,1188
"1235","Intermedia",130000,1964,0,1911,0,1024
"1236","Intermedia",138887,1784,1,1914,180,892
"1237","Cara",175500,1626,2,2003,474,764
"1238","Cara",195000,1948,2,2004,434,847
"1239","Intermedia",142500,1141,2,2005,484,1141
"1240","Cara",265900,1484,2,2006,472,1484
"1241","Cara",224900,1768,2,2003,543,884
"1242","Cara",248328,1689,3,2007,954,1689
"1243","Cara",170000,1173,2,1974,528,1173
"1244","Cara",465000,2076,3,2006,850,2076
"1245","Cara",230000,1517,2,1929,400,792
"1246","Cara",178000,1868,2,1984,477,1140
"1247","Cara",186500,1553,2,2005,615,756
"1248","Cara",169900,1034,3,1976,888,1034
"1249","Economica",129500,2058,2,1917,396,1134
"1250","Economica",119000,988,1,1950,276,988
"1251","Cara",244000,2110,2,1968,522,2110
"1252","Cara",171750,1405,2,2003,478,1405
"1253","Intermedia",130000,874,1,1968,288,874
"1254","Cara",294000,2167,2,1974,518,1516
"1255","Cara",165400,1656,2,2003,397,760
"1256","Economica",127500,1367,1,1931,560,959
"1257","Cara",301500,1987,2,1994,691,1987
"1258","Economica",99900,864,0,1922,0,864
"1259","Cara",190000,1166,2,2005,400,1166
"1260","Intermedia",151000,1054,2,1969,460,1054
"1261","Cara",181000,1675,2,1999,502,892
"1262","Economica",128900,1050,1,1956,338,1050
"1263","Intermedia",161500,1788,1,1957,304,1104
"1264","Cara",180500,1824,2,1919,520,1060
"1265","Cara",181000,1337,2,1998,511,1337
"1266","Cara",183900,1452,2,1999,506,713
"1267","Economica",122000,1889,1,1910,308,964
"1268","Cara",378500,2018,3,2008,746,2018
"1269","Cara",381000,3447,3,1935,1014,1968
"1270","Intermedia",144000,1524,1,1958,315,874
"1271","Cara",260000,1524,2,1979,586,1332
"1272","Cara",185750,1489,2,1968,462,1489
"1273","Intermedia",137000,935,1,1965,288,935
"1274","Cara",177000,1357,1,1959,312,1357
"1275","Intermedia",139000,1250,2,1910,552,661
"1276","Intermedia",137000,1920,2,1948,400,928
"1277","Intermedia",162000,1395,2,1972,497,735
"1278","Cara",197900,1724,2,1967,480,1724
"1279","Cara",237000,2031,2,2002,577,1128
"1280","Economica",68400,1128,2,1920,528,698
"1281","Cara",227000,1573,2,2002,544,1573
"1282","Cara",180000,1339,2,1990,484,1339
"1283","Intermedia",150500,1040,2,1977,484,1040
"1284","Intermedia",139000,1824,0,1971,0,912
"1285","Cara",169000,2447,1,1919,336,1699
"1286","Intermedia",132500,1412,1,1939,280,825
"1287","Intermedia",143000,1328,2,1963,528,1328
"1288","Cara",190000,1582,2,1964,390,1582
"1289","Cara",278000,1659,2,2000,499,1659
"1290","Cara",281000,1970,3,2006,753,1120
"1291","Cara",180500,1152,2,1964,484,1152
"1292","Economica",119500,1302,1,1972,264,630
"1293","Economica",107500,2372,1,1892,432,1378
"1294","Intermedia",162900,1664,2,1976,528,832
"1295","Economica",115000,864,2,1955,572,864
"1296","Intermedia",138500,1052,1,1968,288,1052
"1297","Intermedia",155000,1128,2,1963,525,1128
"1298","Intermedia",140000,1072,2,2005,525,1072
"1299","Intermedia",160000,5642,2,2008,1418,4692
"1300","Intermedia",154000,1246,1,1959,305,1246
"1301","Cara",225000,1983,2,1999,490,1005
"1302","Cara",177500,1494,1,1942,213,753
"1303","Cara",290000,2526,3,1994,844,1203
"1304","Cara",232000,1616,3,2005,834,1616
"1305","Intermedia",130000,1708,2,2004,380,976
"1306","Cara",325000,1652,2,2006,840,1652
"1307","Cara",202500,1368,2,2005,474,1368
"1308","Intermedia",138000,990,2,1994,480,990
"1309","Intermedia",147000,1122,2,1948,528,1122
"1310","Cara",179200,1294,2,1991,496,1294
"1311","Cara",335000,1902,2,1959,567,1902
"1312","Cara",203000,1274,2,2005,508,1274
"1313","Cara",302000,2810,2,1990,750,1453
"1314","Cara",333168,2599,3,1999,779,1422
"1315","Economica",119000,948,1,1954,280,948
"1316","Cara",206900,2112,2,1969,576,1092
"1317","Cara",295493,1630,3,2008,860,1630
"1318","Cara",208900,1352,2,2006,466,1352
"1319","Cara",275000,1787,3,2001,748,1787
"1320","Economica",111000,948,1,1954,248,948
"1321","Intermedia",156500,1478,2,1957,442,1478
"1322","Economica",72500,720,1,1949,287,720
"1323","Cara",190000,1923,2,1992,564,1061
"1324","Economica",82500,708,0,1940,0,708
"1325","Intermedia",147000,1795,3,2006,895,1795
"1326","Economica",55000,796,0,1922,0,796
"1327","Economica",79000,774,0,1931,0,774
"1328","Intermedia",130500,816,1,1982,264,816
"1329","Cara",256000,2792,2,1920,520,1584
"1330","Cara",176500,1632,2,1998,462,955
"1331","Cara",227000,1588,3,2006,825,1588
"1332","Intermedia",132500,954,2,1976,576,954
"1333","Economica",1e+05,816,1,1938,288,816
"1334","Economica",125500,1360,1,1938,297,803
"1335","Economica",125000,1365,2,1970,440,765
"1336","Cara",167900,1334,2,1977,630,1334
"1337","Intermedia",135000,1656,2,1973,506,1656
"1338","Economica",52500,693,0,1941,0,693
"1339","Cara",2e+05,1861,2,2002,492,920
"1340","Economica",128500,864,1,1972,288,864
"1341","Economica",123000,872,4,1971,480,872
"1342","Intermedia",155000,1114,2,2003,576,1114
"1343","Cara",228500,2169,2,2002,647,1284
"1344","Cara",177000,1913,2,1928,342,1172
"1345","Intermedia",155835,1456,2,2006,440,728
"1346","Economica",108500,960,1,1920,308,960
"1347","Cara",262500,2156,2,1968,508,2156
"1348","Cara",283463,1776,3,2006,712,1776
"1349","Cara",215000,1494,2,1998,514,1494
"1350","Economica",122000,2358,0,1872,0,938
"1351","Cara",2e+05,2634,4,1969,968,1338
"1352","Cara",171000,1716,2,1962,490,858
"1353","Intermedia",134900,1176,2,1937,624,786
"1354","Cara",410000,3238,3,1995,666,2053
"1355","Cara",235000,1865,3,2000,839,992
"1356","Cara",170000,1920,2,1968,487,1222
"1357","Economica",110000,892,1,1966,264,892
"1358","Intermedia",149900,1078,2,1971,500,1078
"1359","Cara",177500,1573,2,2000,440,769
"1360","Cara",315000,1980,3,2004,770,1980
"1361","Cara",189000,2601,2,1921,621,990
"1362","Cara",260000,1530,2,2005,430,1530
"1363","Economica",104900,1738,1,1920,368,1281
"1364","Intermedia",156932,1412,2,2006,432,616
"1365","Intermedia",144152,1200,2,2005,480,520
"1366","Cara",216000,1674,2,2000,663,814
"1367","Cara",193000,1790,2,1999,588,882
"1368","Economica",127000,1475,1,1977,336,925
"1369","Intermedia",144000,848,2,2003,420,848
"1370","Cara",232000,1668,2,2003,502,1668
"1371","Economica",105000,1374,1,1920,338,840
"1372","Cara",165500,1661,1,1955,377,1661
"1373","Cara",274300,2097,2,1998,583,1108
"1374","Cara",466500,2633,3,2001,804,2633
"1375","Cara",250000,1958,3,2005,936,1026
"1376","Cara",239000,1571,3,2007,722,1571
"1377","Economica",91000,790,1,1930,160,790
"1378","Economica",117000,1604,2,1941,660,984
"1379","Economica",83000,987,1,1973,264,483
"1380","Cara",167500,1394,2,2006,400,754
"1381","Economica",58500,864,1,1914,200,864
"1382","Cara",237500,2117,2,1970,550,2117
"1383","Intermedia",157000,1762,2,1920,576,998
"1384","Economica",112000,1416,2,1918,576,1416
"1385","Economica",105000,1258,1,1939,280,698
"1386","Economica",125500,1154,1,1922,240,796
"1387","Cara",250000,2784,2,1978,564,1392
"1388","Intermedia",136000,2526,1,1916,216,1664
"1389","Cara",377500,1746,3,2006,758,1746
"1390","Intermedia",131000,1218,2,1941,440,869
"1391","Cara",235000,1525,2,2000,541,1525
"1392","Economica",124000,1584,3,1967,792,1584
"1393","Economica",123000,900,1,1967,288,900
"1394","Intermedia",163000,1912,2,1905,672,1221
"1395","Cara",246578,1500,3,2006,648,1500
"1396","Cara",281213,2482,3,2005,642,1133
"1397","Intermedia",160000,1687,2,1948,572,1687
"1398","Intermedia",137500,1513,1,1920,180,939
"1399","Intermedia",138000,1904,1,1950,240,1136
"1400","Intermedia",137450,1608,1,1925,216,1160
"1401","Economica",120000,1158,1,1929,208,950
"1402","Cara",193000,1593,2,2004,398,864
"1403","Cara",193879,1294,2,2006,662,1294
"1404","Cara",282922,1464,3,2007,754,1464
"1405","Economica",105000,1214,3,1915,936,694
"1406","Cara",275000,1646,2,2004,482,1646
"1407","Intermedia",133000,768,2,1972,396,768
"1408","Economica",112000,833,0,1985,0,833
"1409","Economica",125500,1363,2,1910,528,741
"1410","Cara",215000,2093,2,1986,542,1236
"1411","Cara",230000,1840,2,2001,622,944
"1412","Intermedia",140000,1668,1,1950,271,1112
"1413","Economica",90000,1040,2,1949,420,1040
"1414","Cara",257000,1844,2,2005,620,1844
"1415","Cara",207000,1848,2,1923,370,1053
"1416","Cara",175900,1569,3,2007,660,1569
"1417","Economica",122500,2290,2,1885,560,1246
"1418","Cara",340000,2450,3,1998,1069,1310
"1419","Economica",124000,1144,1,1963,336,1144
"1420","Cara",223000,1844,2,1969,540,1844
"1421","Cara",179900,1416,2,1968,776,708
"1422","Economica",127500,1069,2,1977,440,1069
"1423","Intermedia",136500,848,2,2003,420,848
"1424","Cara",274970,2201,2,1966,432,1575
"1425","Intermedia",144000,1344,1,1958,484,1344
"1426","Intermedia",142000,1252,2,1959,528,1252
"1427","Cara",271000,2127,2,1994,525,1223
"1428","Intermedia",140000,1558,1,1945,288,1048
"1429","Economica",119000,804,1,1940,240,804
"1430","Cara",182900,1440,2,1981,467,1440
"1431","Cara",192140,1838,2,2005,372,734
"1432","Intermedia",143750,958,2,1976,440,958
"1433","Economica",64500,968,1,1927,216,968
"1434","Cara",186500,1792,2,2000,451,962
"1435","Intermedia",160000,1126,2,1977,484,1126
"1436","Cara",174000,1537,2,1962,462,1537
"1437","Economica",120500,864,2,1971,528,864
"1438","Cara",394617,1932,3,2008,774,1932
"1439","Intermedia",149700,1236,2,1957,923,1236
"1440","Cara",197000,1725,2,1979,550,1040
"1441","Cara",191000,2555,2,1922,672,1423
"1442","Intermedia",149300,848,2,2004,420,848
"1443","Cara",310000,2007,3,2008,812,1026
"1444","Economica",121000,952,1,1916,192,952
"1445","Cara",179600,1422,2,2004,626,1422
"1446","Economica",129000,913,1,1966,240,913
"1447","Intermedia",157900,1188,1,1962,312,1188
"1448","Cara",240000,2090,2,1995,556,1220
"1449","Economica",112000,1346,1,1910,384,796
"1450","Economica",92000,630,0,1970,0,630
"1451","Intermedia",136000,1792,0,1974,0,896
"1452","Cara",287090,1578,3,2008,840,1578
"1453","Intermedia",145000,1072,2,2005,525,1072
"1454","Economica",84500,1140,0,2006,0,1140
"1455","Cara",185000,1221,2,2004,400,1221
"1456","Cara",175000,1647,2,1999,460,953
"1457","Cara",210000,2073,2,1978,500,2073
"1458","Cara",266500,2340,1,1941,252,1188
"1459","Intermedia",142125,1078,1,1950,240,1078
"1460","Intermedia",147500,1256,1,1965,276,1256
